Ticker,L_Precision,L_Signals,KNN_RMSE,VWAP_Precision,VWAP_Signals,MOM_Precision,MOM_Signals
AIAENG.NS,100.0,1,2.338468709006682,0,0,55.0561797752809,178
3MINDIA.NS,0,0,5.4324378738910415,0,0,41.83673469387755,196
ABB.NS,0,0,47.63860560238095,0,0,50.26737967914438,187
APLAPOLLO.NS,0,0,3.7276826914261996,0.0,2,58.333333333333336,180
ACMESOLAR.NS,0,0,214.61769264946764,0,0,43.604651162790695,172
AADHARHFC.NS,0,0,214.61769264946764,0,0,43.604651162790695,172
AAVAS.NS,0,0,47.63860560238095,0,0,50.26737967914438,187
AWL.NS,0,0,47.63860560238095,0,0,50.26737967914438,187
AARTIIND.NS,0,0,5.4324378738910415,0,0,41.83673469387755,196
ACC.NS,0,0,214.61769264946764,0,0,43.604651162790695,172
ACE.NS,0,0,214.61769264946764,0,0,43.604651162790695,172
ADANIENSOL.NS,0,0,4.9963487284595525,0,0,48.333333333333336,180
360ONE.NS,0,0,214.61769264946764,0,0,43.604651162790695,172
ABBOTINDIA.NS,0,0,214.61769264946764,0,0,43.604651162790695,172
AUBANK.NS,0,0,9.711520647163047,0,0,46.35416666666667,192
AEGISLOG.NS,0,0,1.9879417816536913,0,0,57.38636363636363,176
ADANIPOWER.NS,0,0,17.475160034199774,0,0,52.48618784530387,181
ADANIPORTS.NS,0,0,17.475160034199774,0,0,52.48618784530387,181
ADANIGREEN.NS,0,0,17.475160034199774,0,0,52.48618784530387,181
ABFRL.NS,0,0,2.0217431117238087,0,0,45.65217391304348,184
ABCAPITAL.NS,0,0,17.475160034199774,0,0,52.48618784530387,181
ADANIENT.NS,0,0,17.475160034199774,0,0,52.48618784530387,181
ATGL.NS,0,0,17.475160034199774,0,0,52.48618784530387,181
AFFLE.NS,0,0,10.15842169088322,0,0,50.77720207253886,193
AEGISVOPAK.NS,0,0,1.4993420414135232,100.0,1,50.602409638554214,166
ABREL.NS,0,0,1.4993420414135232,100.0,1,50.602409638554214,166
ABSLAMC.NS,0,0,1.4993420414135232,100.0,1,50.602409638554214,166
AFCONS.NS,0,0,10.15842169088322,0,0,50.77720207253886,193
ABLBL.NS,0,0,3.274603665018609,0,0,47.89473684210526,190
AJANTPHARM.NS,0,0,23.204314571692738,100.0,2,49.71098265895954,173
AKUMS.NS,0,0,4.628578857539844,0,0,49.72067039106145,179
AKZOINDIA.NS,0,0,38.2391992880877,0,0,45.88235294117647,170
ANGELONE.NS,100.0,1,3.3725787411269565,0,0,54.41176470588235,204
APLLTD.NS,100.0,1,3.3725787411269565,0,0,54.41176470588235,204
APOLLOHOSP.NS,0,0,50.55272342928177,0,0,56.91489361702128,188
ASHOKLEY.NS,0,0,1.698458534104588,0,0,43.82022471910113,178
ANANTRAJ.NS,0,0,44.891383598356775,0,0,40.69767441860465,172
ANANDRATHI.NS,0,0,44.891383598356775,0,0,40.69767441860465,172
ALKEM.NS,0,0,14.995435497919834,0,0,41.47727272727273,176
APTUS.NS,0,0,14.995435497919834,0,0,41.47727272727273,176
ALKYLAMINE.NS,0,0,28.377302866424234,0,0,45.05494505494506,182
ARE&M.NS,0,0,7.6228945377215345,100.0,3,46.03960396039604,202
ASAHIINDIA.NS,0,0,1.698458534104588,0,0,43.82022471910113,178
ALOKINDS.NS,50.0,2,17.307369518583503,0,0,49.152542372881356,177
APARINDS.NS,0,0,5.645066389103843,0,0,35.35353535353536,198
ASTERDM.NS,0,0,9.716324433287811,0,0,47.28260869565217,184
AMBUJACEM.NS,0,0,7.69175761702639,0.0,2,50.29940119760479,167
APOLLOTYRE.NS,0,0,7.69175761702639,0.0,2,50.29940119760479,167
AMBER.NS,0,0,4.586009169934307,0,0,41.899441340782126,179
ASIANPAINT.NS,0,0,5.645066389103843,0,0,35.35353535353536,198
AIIL.NS,0,0,13.839475973470103,0,0,46.10778443113773,167
DMART.NS,0,0,13.839475973470103,0,0,46.10778443113773,167
ATHERENERG.NS,0,0,13.839475973470103,0,0,46.10778443113773,167
ATUL.NS,0,0,13.839475973470103,0,0,46.10778443113773,167
AUROPHARMA.NS,0,0,13.839475973470103,0,0,46.10778443113773,167
ASTRAL.NS,0,0,13.839475973470103,0,0,46.10778443113773,167
ASTRAZEN.NS,0,0,13.839475973470103,0,0,46.10778443113773,167
AXISBANK.NS,0,0,60.79076062107433,0,0,46.82080924855491,173
BASF.NS,0,0,60.79076062107433,0,0,46.82080924855491,173
BSE.NS,0,0,10.781352235933777,0,0,55.91397849462365,186
BLS.NS,0,0,10.781352235933777,0,0,55.91397849462365,186
BAJAJHLDNG.NS,0,0,8.916455108514928,0.0,1,56.54450261780105,191
BAJFINANCE.NS,0,0,75.73649399810252,0,0,50.0,210
BAJAJFINSV.NS,0,0,75.73649399810252,0,0,50.0,210
BAJAJ-AUTO.NS,0,0,75.73649399810252,0,0,50.0,210
BAJAJHFL.NS,0,0,0.5831397620494058,0,0,45.26315789473684,190
BALRAMCHIN.NS,0,0,0.5831397620494058,0,0,45.26315789473684,190
BALKRISIND.NS,0,0,0.5831397620494058,0,0,45.26315789473684,190
MAHABANK.NS,0,0,2.7317378706692543,0,0,55.55555555555556,198
BANKINDIA.NS,0,0,2.7317378706692543,0,0,55.55555555555556,198
BANDHANBNK.NS,0,0,2.7317378706692543,0,0,55.55555555555556,198
BANKBARODA.NS,0,0,2.7317378706692543,0,0,55.55555555555556,198
BATAINDIA.NS,0,0,9.487503874667183,0,0,58.79396984924623,199
BAYERCROP.NS,0,0,4.50463602285335,0,0,41.040462427745666,173
BHEL.NS,0,0,16.89444158759487,100.0,1,48.205128205128204,195
BHARTIARTL.NS,0,0,15.907345161751394,0,0,48.888888888888886,180
BIOCON.NS,0,0,15.907345161751394,0,0,48.888888888888886,180
BPCL.NS,0,0,16.89444158759487,100.0,1,48.205128205128204,195
BIKAJI.NS,0,0,15.907345161751394,0,0,48.888888888888886,180
BHARTIHEXA.NS,0,0,15.907345161751394,0,0,48.888888888888886,180
BLUEJET.NS,0,0,6.759048569082393,0,0,48.57142857142857,175
BSOFT.NS,0,0,6.759048569082393,0,0,48.57142857142857,175
BLUEDART.NS,0,0,6.759048569082393,0,0,48.57142857142857,175
FIRSTCRY.NS,0,0,283.05054510361254,0,0,40.526315789473685,190
BBTC.NS,0,0,283.05054510361254,0,0,40.526315789473685,190
BLUESTARCO.NS,0,0,283.05054510361254,0,0,40.526315789473685,190
BOSCHLTD.NS,0,0,283.05054510361254,0,0,40.526315789473685,190
BRIGADE.NS,0,0,8.939146324926408,0,0,58.51063829787234,188
MAPMYINDIA.NS,0,0,35.537542587837734,100.0,1,44.5,200
BRITANNIA.NS,0,0,35.537542587837734,100.0,1,44.5,200
CCL.NS,100.0,1,12.964033080342144,0,0,43.455497382198956,191
CGPOWER.NS,100.0,1,12.964033080342144,0,0,43.455497382198956,191
CRISIL.NS,100.0,1,12.964033080342144,0,0,43.455497382198956,191
CAMPUS.NS,100.0,1,12.964033080342144,0,0,43.455497382198956,191
CESC.NS,100.0,1,12.964033080342144,0,0,43.455497382198956,191
CAPLIPOINT.NS,0,0,10.670986118183139,0,0,38.82352941176471,170
CANFINHOME.NS,0,0,10.670986118183139,0,0,38.82352941176471,170
CANBK.NS,0,0,10.670986118183139,0,0,38.82352941176471,170
CGCL.NS,0.0,1,1.9222361454609647,0,0,47.023809523809526,168
CASTROLIND.NS,0,0,9.765526926065963,0,0,45.85987261146497,157
CARBORUNIV.NS,0.0,1,1.9222361454609647,0,0,47.023809523809526,168
CENTRALBK.NS,0,0,0.3451514557702228,0,0,41.01123595505618,178
CEATLTD.NS,0,0,50.74531667694197,0,0,47.71573604060914,197
CDSL.NS,0,0,7.813045374968745,0,0,55.497382198952884,191
CERA.NS,0,0,14.285013725926683,0,0,48.95833333333333,192
CENTURYPLY.NS,0,0,7.813045374968745,0,0,55.497382198952884,191
CHALET.NS,0,0,10.244299546271481,0,0,48.50299401197605,167
CHENNPETRO.NS,0,0,10.244299546271481,0,0,48.50299401197605,167
CHOICEIN.NS,0,0,15.690755656340752,0,0,52.04081632653062,196
CHAMBLFERT.NS,0,0,10.244299546271481,0,0,48.50299401197605,167
CHOLAFIN.NS,0,0,22.21927201445041,0,0,44.086021505376344,186
CHOLAHLDNG.NS,0,0,22.21927201445041,0,0,44.086021505376344,186
COCHINSHIP.NS,0,0,10.709962835802244,0,0,48.837209302325576,172
CUB.NS,0,0,4.4875640184191905,0,0,41.53005464480874,183
CLEAN.NS,0,0,4.4875640184191905,0,0,41.53005464480874,183
COALINDIA.NS,0,0,4.4875640184191905,0,0,41.53005464480874,183
COFORGE.NS,0,0,23.599098680271887,0,0,46.82926829268293,205
COHANCE.NS,0,0,23.599098680271887,0,0,46.82926829268293,205
COLPAL.NS,0,0,18.50767981013214,0,0,45.81005586592179,179
CAMS.NS,0,0,18.50767981013214,0,0,45.81005586592179,179
CONCORDBIO.NS,0,0,9.015506760853423,0,0,45.3551912568306,183
CONCOR.NS,0,0,15.193985562181416,0,0,47.674418604651166,172
CRAFTSMAN.NS,0,0,24.93161254923694,0,0,36.72316384180791,177
COROMANDEL.NS,0,0,24.93161254923694,0,0,36.72316384180791,177
CREDITACC.NS,0,0,19.19395352858534,0,0,52.12765957446809,188
CROMPTON.NS,0,0,3.2253112287651065,0,0,51.5625,192
CUMMINSIND.NS,0,0,37.62073409992688,0,0,48.63387978142077,183
CYIENT.NS,0,0,37.62073409992688,0,0,48.63387978142077,183
DCMSHRIRAM.NS,0,0,18.154556782963958,0,0,47.42268041237113,194
DLF.NS,0,0,18.154556782963958,0,0,47.42268041237113,194
DOMS.NS,0,0,21.332024244994287,0,0,48.484848484848484,165
DALBHARAT.NS,0,0,3.8213074265599234,0,0,49.74874371859296,199
DABUR.NS,0,0,3.8213074265599234,0,0,49.74874371859296,199
DEEPAKFERT.NS,0.0,1,17.527705260695207,0,0,50.24154589371981,207
DATAPATTNS.NS,0.0,1,17.527705260695207,0,0,50.24154589371981,207
DELHIVERY.NS,0,0,5.633487374323351,0,0,52.879581151832454,191
DEEPAKNTR.NS,0.0,1,17.527705260695207,0,0,50.24154589371981,207
DEVYANI.NS,0,0,5.633487374323351,0,0,52.879581151832454,191
DIVISLAB.NS,0,0,59.08533857253567,0,0,54.22885572139303,201
DIXON.NS,0,0,164.17376566416152,0,0,53.77358490566038,212
LALPATHLAB.NS,0,0,6.205647798233028,0,0,50.0,170
DRREDDY.NS,0,0,6.205647798233028,0,0,50.0,170
AGARWALEYE.NS,0,0,6.205647798233028,0,0,50.0,170
EIDPARRY.NS,0,0,10.287900827161536,0,0,43.19526627218935,169
EICHERMOT.NS,0,0,4.104457832979322,0,0,45.76271186440678,177
EIHOTEL.NS,0,0,4.104457832979322,0,0,45.76271186440678,177
ELECON.NS,0,0,8.60113269409791,0,0,57.06214689265536,177
ELGIEQUIP.NS,0,0,8.102326720257958,0,0,48.76543209876543,162
EMCURE.NS,0,0,8.102326720257958,0,0,48.76543209876543,162
EMAMILTD.NS,0,0,8.102326720257958,0,0,48.76543209876543,162
ENGINERSIN.NS,0,0,31.5061892310037,0,0,37.2093023255814,172
ENDURANCE.NS,0,0,31.5061892310037,0,0,37.2093023255814,172
ERIS.NS,0,0,2.3317323551446196,0,0,47.89473684210526,190
ESCORTS.NS,0,0,20.623398328243745,0,0,50.28571428571429,175
ETERNAL.NS,0,0,3.6008598399158025,0,0,48.73096446700508,197
FEDERALBNK.NS,0,0,2.7824509148577845,0,0,47.97979797979798,198
EXIDEIND.NS,0,0,2.7824509148577845,0,0,47.97979797979798,198
NYKAA.NS,0,0,2.7824509148577845,0,0,47.97979797979798,198
FINPIPE.NS,0,0,8.725104361733822,0,0,47.878787878787875,165
FACT.NS,0,0,8.725104361733822,0,0,47.878787878787875,165
FINCABLES.NS,0,0,8.725104361733822,0,0,47.878787878787875,165
FSL.NS,0,0,3.8158873363383763,0,0,55.19125683060109,183
GAIL.NS,0,0,1.906134579549781,0,0,42.13483146067416,178
FORCEMOT.NS,0,0,401.0779944321651,0,0,57.83783783783784,185
FIVESTAR.NS,0,0,401.0779944321651,0,0,57.83783783783784,185
GVT&D.NS,0,0,50.60939884573002,0.0,1,43.646408839779006,181
GMRAIRPORT.NS,0,0,50.60939884573002,0.0,1,43.646408839779006,181
GRSE.NS,0,0,43.34640163469335,0,0,47.56756756756757,185
GILLETTE.NS,0,0,3.529185616229133,0,0,53.191489361702125,188
GICRE.NS,0,0,43.34640163469335,0,0,47.56756756756757,185
GLAND.NS,0,0,18.222039885235336,0.0,4,38.50931677018634,161
GLENMARK.NS,0,0,23.464074811837598,0,0,49.45054945054945,182
GLAXO.NS,0,0,23.464074811837598,0,0,49.45054945054945,182
MEDANTA.NS,0,0,14.576358631620947,0,0,50.753768844221106,199
GPIL.NS,0,0,3.409298693838014,0,0,42.142857142857146,140
GODIGIT.NS,0,0,14.576358631620947,0,0,50.753768844221106,199
GODFRYPHLP.NS,0,0,59.96121496987267,0,0,49.68944099378882,161
GODREJCP.NS,0,0,7.68576037026911,0,0,48.9010989010989,182
GODREJAGRO.NS,0,0,7.68576037026911,0,0,48.9010989010989,182
GRANULES.NS,0,0,27.435048270250192,0,0,52.63157894736842,209
GODREJIND.NS,0,0,7.68576037026911,0,0,48.9010989010989,182
GODREJPROP.NS,0,0,9.388406800177844,0,0,52.63157894736842,190
GRAPHITE.NS,0,0,6.775268022567911,0,0,50.6578947368421,152
GRAVITA.NS,0.0,1,22.735583501936123,0,0,44.221105527638194,199
GRASIM.NS,0.0,1,22.735583501936123,0,0,44.221105527638194,199
GESHIP.NS,0,0,9.315831132139602,0,0,47.85276073619632,163
GUJGASLTD.NS,0,0,41.33203147004655,0,0,45.614035087719294,171
FLUOROCHEM.NS,0,0,41.33203147004655,0,0,45.614035087719294,171
GSPL.NS,0,0,3.2093628581712883,50.0,2,46.82080924855491,173
HEG.NS,0,0,3.2093628581712883,50.0,2,46.82080924855491,173
GMDCLTD.NS,0,0,3.2093628581712883,50.0,2,46.82080924855491,173
HBLENGINE.NS,0,0,11.843247499327187,0,0,59.195402298850574,174
HDFCBANK.NS,0,0,29.523920991704458,0,0,51.724137931034484,203
HDFCAMC.NS,0,0,11.749696743854729,0,0,49.75124378109453,201
HFCL.NS,0,0,5.941172330122505,0,0,51.578947368421055,190
HCLTECH.NS,0,0,11.749696743854729,0,0,49.75124378109453,201
HDFCLIFE.NS,0,0,5.941172330122505,0,0,51.578947368421055,190
HAPPSTMNDS.NS,0,0,5.711293508811113,0,0,42.4390243902439,205
HAVELLS.NS,0,0,11.727930471323683,0,0,49.246231155778894,199
HEROMOTOCO.NS,0,0,11.727930471323683,0,0,49.246231155778894,199
HEXT.NS,0,0,9.734015091305764,0,0,40.331491712707184,181
HSCL.NS,0,0,5.907580997500808,0,0,43.35260115606936,173
HINDALCO.NS,0,0,8.817170224914419,0,0,45.97156398104265,211
HINDCOPPER.NS,0,0,42.49840492341301,0,0,47.0,200
HINDPETRO.NS,0,0,42.49840492341301,0,0,47.0,200
HAL.NS,0,0,42.49840492341301,0,0,47.0,200
HINDUNILVR.NS,0,0,16.22828533531349,0,0,40.32258064516129,186
HUDCO.NS,0,0,3.338564887091959,0,0,46.98795180722892,166
HONAUT.NS,0,0,8.035538589853342,0,0,45.45454545454545,187
HINDZINC.NS,0,0,8.035538589853342,0,0,45.45454545454545,187
POWERINDIA.NS,0,0,8.035538589853342,0,0,45.45454545454545,187
HONASA.NS,0,0,8.035538589853342,0,0,45.45454545454545,187
HOMEFIRST.NS,0,0,8.035538589853342,0,0,45.45454545454545,187
ICICIBANK.NS,0,0,23.661744997231573,0,0,46.56084656084656,189
HYUNDAI.NS,0,0,23.661744997231573,0,0,46.56084656084656,189
ICICIGI.NS,0,0,14.72291021169711,0,0,40.11299435028249,177
ICICIPRULI.NS,0,0,4.713036272172892,0,0,42.69005847953216,171
IDBI.NS,0,0,1.343416477838598,0,0,39.02439024390244,164
IFCI.NS,0,0,0.623043702692932,0,0,52.197802197802204,182
IDFCFIRSTB.NS,0,0,0.623043702692932,0,0,52.197802197802204,182
IIFL.NS,0,0,1.25825234618525,0,0,49.714285714285715,175
INOXINDIA.NS,0,0,7.734421714355266,0,0,48.31460674157304,178
INDGN.NS,0.0,1,1.8711451035638784,0,0,49.03225806451613,155
IRB.NS,0.0,1,1.8711451035638784,0,0,49.03225806451613,155
ITI.NS,0.0,1,1.8711451035638784,0,0,49.03225806451613,155
ITC.NS,0.0,1,1.8711451035638784,0,0,49.03225806451613,155
ITCHOTELS.NS,0.0,1,1.8711451035638784,0,0,49.03225806451613,155
IRCON.NS,0.0,1,1.8711451035638784,0,0,49.03225806451613,155
INDIACEM.NS,0,0,4.660648535178998,0,0,44.827586206896555,174
INDIAMART.NS,0,0,26.000614844211494,0,0,46.3855421686747,166
INDIANB.NS,100.0,1,8.298201972553098,0,0,49.740932642487046,193
IEX.NS,0,0,1.4178428813900579,0,0,49.72972972972973,185
IOC.NS,0.0,1,5.314937403415394,0,0,49.047619047619044,210
INDHOTEL.NS,0.0,1,5.314937403415394,0,0,49.047619047619044,210
IOB.NS,0.0,1,5.314937403415394,0,0,49.047619047619044,210
IRCTC.NS,0,0,1.5027610942655054,0,0,47.08994708994709,189
IRFC.NS,0,0,1.1445343602337124,0,0,52.820512820512825,195
INFY.NS,0,0,1.662581167992265,100.0,2,44.565217391304344,184
IGL.NS,0,0,1.662581167992265,100.0,2,44.565217391304344,184
INDUSINDBK.NS,0,0,1.662581167992265,100.0,2,44.565217391304344,184
NAUKRI.NS,0,0,1.662581167992265,100.0,2,44.565217391304344,184
IREDA.NS,0,0,1.662581167992265,100.0,2,44.565217391304344,184
INDUSTOWER.NS,0,0,1.662581167992265,100.0,2,44.565217391304344,184
INTELLECT.NS,0,0,15.79772073240483,0,0,47.45762711864407,177
INOXWIND.NS,0,0,1.6090966168877376,0.0,1,52.046783625730995,171
INDIGO.NS,0,0,56.7177573557603,0,0,56.21890547263681,201
IGIL.NS,0,0,4.967345628579855,0,0,41.899441340782126,179
JBCHEPHARM.NS,0,0,18.814445261793434,0,0,51.12359550561798,178
IKS.NS,0,0,18.814445261793434,0,0,51.12359550561798,178
IPCALAB.NS,0,0,18.814445261793434,0,0,51.12359550561798,178
JKCEMENT.NS,0,0,13.790753393357377,0,0,51.03092783505154,194
JBMA.NS,0,0,56.11480546470666,0,0,44.086021505376344,186
JKTYRE.NS,0,0,7.143004421587953,0,0,53.551912568306015,183
JSWSTEEL.NS,0,0,5.521532799038707,0,0,51.098901098901095,182
JSWENERGY.NS,0.0,1,2.288000790564536,0,0,39.87730061349693,163
JMFINANCIL.NS,0,0,7.143004421587953,0,0,53.551912568306015,183
JSWCEMENT.NS,0.0,1,2.288000790564536,0,0,39.87730061349693,163
JSWINFRA.NS,0,0,5.521532799038707,0,0,51.098901098901095,182
JPPOWER.NS,0,0,0.2125669587997928,0,0,46.927374301675975,179
J&KBANK.NS,0,0,1.0418625572558096,0,0,49.743589743589745,195
JINDALSAW.NS,0,0,2.252787433021066,0,0,51.06382978723404,188
JSL.NS,0,0,8.844422103752747,0,0,55.494505494505496,182
JIOFIN.NS,100.0,1,9.292056831472038,0,0,49.48453608247423,194
JINDALSTEL.NS,100.0,1,9.292056831472038,0,0,49.48453608247423,194
JUBLFOOD.NS,0,0,5.26567713045978,0,0,55.714285714285715,210
JUBLINGREA.NS,0,0,10.399147882718259,0,0,48.701298701298704,154
JUBLPHARMA.NS,0,0,13.567461241208777,0,0,45.73170731707317,164
JWL.NS,33.33333333333333,3,4.788848508812862,0,0,50.86705202312138,173
KPRMILL.NS,33.33333333333333,3,4.788848508812862,0,0,50.86705202312138,173
JYOTHYLAB.NS,33.33333333333333,3,4.788848508812862,0,0,50.86705202312138,173
KEI.NS,33.33333333333333,3,4.788848508812862,0,0,50.86705202312138,173
KPITTECH.NS,0,0,2.6663929846110555,0.0,1,51.59235668789809,157
JYOTICNC.NS,33.33333333333333,3,4.788848508812862,0,0,50.86705202312138,173
KAJARIACER.NS,0,0,9.677498640342131,0,0,44.38202247191011,178
KSB.NS,0,0,9.677498640342131,0,0,44.38202247191011,178
LTFOODS.NS,0,0,0,0,0,0,0
LTM.NS,0,0,0,0,0,0,0
KPIL.NS,0,0,12.518507127601405,0,0,42.60355029585799,169
KALYANKJIL.NS,100.0,1,7.422057088873728,0,0,55.08982035928144,167
KARURVYSYA.NS,0,0,3.2815172845865193,0,0,41.07142857142857,168
KAYNES.NS,100.0,1,77.37549578174654,0,0,53.170731707317074,205
KEC.NS,100.0,1,77.37549578174654,0,0,53.170731707317074,205
KFINTECH.NS,0,0,13.753683155618605,0,0,50.847457627118644,177
KIRLOSBROS.NS,0,0,24.447314647827028,0,0,45.5026455026455,189
LTF.NS,0.0,1,3.372620484501024,0,0,46.63212435233161,193
LICHSGFIN.NS,0,0,15.260866266883895,0,0,53.70370370370371,162
KIMS.NS,0.0,1,3.372620484501024,0,0,46.63212435233161,193
KOTAKBANK.NS,0.0,1,3.372620484501024,0,0,46.63212435233161,193
LTTS.NS,0.0,1,3.372620484501024,0,0,46.63212435233161,193
KIRLOSENG.NS,0.0,1,3.372620484501024,0,0,46.63212435233161,193
LATENTVIEW.NS,0,0,22.476921583637488,0,0,49.2063492063492,189
LT.NS,0,0,22.476921583637488,0,0,49.2063492063492,189
LEMONTREE.NS,0,0,6.113100962058145,0,0,46.666666666666664,165
THELEELA.NS,0,0,6.113100962058145,0,0,46.666666666666664,165
LAURUSLABS.NS,0,0,11.841470595967527,0,0,54.59183673469388,196
LICI.NS,100.0,1,6.192373899553665,0,0,38.4180790960452,177
LINDEINDIA.NS,0,0,55.27311000738114,0,0,44.70588235294118,170
LLOYDSME.NS,0,0,14.329110033980257,0,0,42.69005847953216,171
LODHA.NS,0,0,11.16385653505298,66.66666666666666,3,51.48514851485149,202
MMTC.NS,0,0,19.04472216762613,0,0,51.26903553299492,197
LUPIN.NS,0,0,19.04472216762613,0,0,51.26903553299492,197
MGL.NS,0,0,19.04472216762613,0,0,51.26903553299492,197
MAHSCOOTER.NS,0,0,19.04472216762613,0,0,51.26903553299492,197
MAHSEAMLES.NS,0,0,0.8730170571917879,0,0,50.0,168
MRF.NS,0,0,19.04472216762613,0,0,51.26903553299492,197
M&MFIN.NS,0,0,4.712878952794901,0,0,47.783251231527096,203
M&M.NS,0,0,41.14815308497578,0,0,48.756218905472636,201
MANAPPURAM.NS,0,0,3.270133908956104,0,0,48.484848484848484,198
MRPL.NS,0,0,2.603790444336704,0,0,46.590909090909086,176
MANKIND.NS,100.0,1,20.92090207998007,0,0,50.0,192
MARICO.NS,0,0,5.263291991173853,0,0,47.28260869565217,184
MFSL.NS,0,0,103.97009961917492,0,0,48.45360824742268,194
MARUTI.NS,0,0,103.97009961917492,0,0,48.45360824742268,194
MAXHEALTH.NS,0,0,10.165708304179452,0,0,51.85185185185185,189
METROPOLIS.NS,0,0,37.99347309286375,0,0,48.95833333333333,192
MOTILALOFS.NS,0,0,21.287818670549253,0,0,44.375,160
MAZDOCK.NS,0,0,37.99347309286375,0,0,48.95833333333333,192
MINDACORP.NS,0,0,21.287818670549253,0,0,44.375,160
MSUMI.NS,0,0,21.287818670549253,0,0,44.375,160
MPHASIS.NS,0,0,0.5938229908510312,0,0,52.513966480446925,179
MCX.NS,0,0,31.43893373249342,0,0,45.77114427860697,201
MUTHOOTFIN.NS,0,0,42.25116418996059,0,0,47.368421052631575,190
NATCOPHARM.NS,0,0,10.475428692762433,0,0,40.588235294117645,170
NBCC.NS,0,0,10.475428692762433,0,0,40.588235294117645,170
NCC.NS,0,0,1.9930738755617097,0,0,55.95854922279793,193
NHPC.NS,0,0,0.7464288770925884,0,0,51.35135135135135,185
NLCINDIA.NS,0,0,2.8426951584891937,0,0,52.352941176470594,170
NMDC.NS,0,0,0.956836672115017,0,0,52.02020202020202,198
NTPC.NS,0,0,0.6532783723232903,0,0,50.28571428571429,175
NTPCGREEN.NS,0,0,0.6532783723232903,0,0,50.28571428571429,175
NSLNISP.NS,0,0,0.6066634706844322,0,0,53.73134328358209,201
NATIONALUM.NS,0,0,21.6095092117186,0,0,42.93193717277487,191
NH.NS,0,0,21.6095092117186,0,0,42.93193717277487,191
NAVINFLUOR.NS,0,0,7.1246122971334565,0,0,49.71098265895954,173
NAVA.NS,0,0,4.381252008408222,0,0,63.07692307692307,195
NESTLEIND.NS,0,0,7.817971050633941,0,0,52.459016393442624,183
NETWEB.NS,0,0,78.2721597852656,0,0,48.888888888888886,180
NEWGEN.NS,0,0,299.288231743122,0,0,51.30890052356021,191
NEULANDLAB.NS,0,0,299.288231743122,0,0,51.30890052356021,191
NAM-INDIA.NS,0,0,13.341273229870044,100.0,1,45.59585492227979,193
NIVABUPA.NS,0,0,0.6013778299566259,0,0,36.99421965317919,173
NUVAMA.NS,0,0,18.741925750662094,0,0,41.7989417989418,189
NUVOCO.NS,0,0,18.741925750662094,0,0,41.7989417989418,189
ONGC.NS,0,0,2.4776756452601596,0,0,45.64102564102564,195
OBEROIRLTY.NS,0,0,3.841134673454364,0,0,55.27950310559007,161
OIL.NS,0,0,2.4776756452601596,0,0,45.64102564102564,195
OLECTRA.NS,100.0,1,0.8012382576258308,0,0,55.55555555555556,198
OLAELEC.NS,100.0,1,0.8012382576258308,0,0,55.55555555555556,198
PAYTM.NS,100.0,1,0.8012382576258308,0,0,55.55555555555556,198
ONESOURCE.NS,0,0,24.280870754506324,0,0,41.27906976744186,172
OFSS.NS,0.0,1,85.70176664254188,0,0,51.20772946859904,207
POLICYBZR.NS,0,0,18.61972601394506,0,0,53.68421052631579,190
PGEL.NS,0,0,4.944516803168002,62.5,8,40.106951871657756,187
PCBL.NS,0,0,4.944516803168002,62.5,8,40.106951871657756,187
PIIND.NS,0,0,28.50247408583535,0,0,40.0,195
PNBHOUSING.NS,0,0,8.474081169928226,0,0,51.075268817204304,186
PTCIL.NS,0,0,181.89665946361941,0,0,46.470588235294116,170
PVRINOX.NS,0,0,181.89665946361941,0,0,46.470588235294116,170
PAGEIND.NS,0,0,306.4805458208623,0,0,57.67195767195767,189
PERSISTENT.NS,0,0,5.694848083733138,100.0,2,51.11111111111111,180
PATANJALI.NS,0,0,306.4805458208623,0,0,57.67195767195767,189
PETRONET.NS,0,0,2.12573263211845,0,0,41.66666666666667,168
PHOENIXLTD.NS,0,0,2.12573263211845,0,0,41.66666666666667,168
PFIZER.NS,0,0,2.12573263211845,0,0,41.66666666666667,168
PIDILITIND.NS,0,0,33.43222570822005,0,0,42.22222222222222,180
PPLPHARMA.NS,0,0,2.1706190456091004,0,0,47.87234042553192,188
POLYMED.NS,0,0,30.18545491865777,0,0,43.67816091954023,174
POONAWALLA.NS,0,0,56.37778343277765,0,0,53.84615384615385,169
POLYCAB.NS,0,0,56.37778343277765,0,0,53.84615384615385,169
PFC.NS,100.0,1,4.079454988310749,0,0,52.84974093264248,193
POWERGRID.NS,100.0,1,2.9418323068072234,0,0,48.756218905472636,201
PRAJIND.NS,0,0,3.6982592567110113,0,0,54.644808743169406,183
PREMIERENE.NS,0,0,11.427880844184472,0,0,52.046783625730995,171
PRESTIGE.NS,0,0,1.2198899711924551,0,0,49.746192893401016,197
PGHH.NS,0,0,1.2198899711924551,0,0,49.746192893401016,197
PNB.NS,0,0,1.2198899711924551,0,0,49.746192893401016,197
RRKABEL.NS,100.0,1,16.27190881986986,0,0,51.11111111111111,180
RHIM.NS,100.0,1,3.46877221371892,0,0,45.05494505494506,182
RECLTD.NS,100.0,1,3.46877221371892,0,0,45.05494505494506,182
RBLBANK.NS,100.0,1,3.46877221371892,0,0,45.05494505494506,182
